Date,category,item,unit,min_price,max_price
2021-05-17,Miscellaneous,Sugar,per kg,70,75
2021-05-18,Miscellaneous,Sugar,per kg,70,75
2021-05-20,Miscellaneous,Sugar,per kg,70,75
2021-05-21,Miscellaneous,Sugar,per kg,70,75
2021-05-22,Miscellaneous,Sugar,per kg,70,75
2021-05-23,Miscellaneous,Sugar,per kg,73,75
2021-05-23,Miscellaneous,Sugar,per kg,73,75
2021-05-24,Miscellaneous,Sugar,per kg,73,75
2021-05-25,Miscellaneous,Sugar,per kg,73,75
2021-05-29,Miscellaneous,Sugar,per kg,70,75
2021-05-30,Miscellaneous,Sugar,per kg,70,75
2021-05-31,Miscellaneous,Sugar,per kg,73,75
2021-06-01,Miscellaneous,Sugar,per kg,73,75
2021-06-05,Miscellaneous,Sugar,per kg,70,75
2021-06-06,Miscellaneous,Sugar,per kg,70,75
2021-06-08,Miscellaneous,Sugar,per kg,70,75
2021-06-09,Miscellaneous,Sugar,per kg,70,75
2021-06-12,Miscellaneous,Sugar,per kg,70,75
2021-06-13,Miscellaneous,Sugar,per kg,68,70
2021-06-14,Miscellaneous,Sugar,per kg,68,70
2021-06-15,Miscellaneous,Sugar,per kg,68,70
2021-06-16,Miscellaneous,Sugar,per kg,68,70
2021-06-18,Miscellaneous,Sugar,per kg,68,70
2021-06-19,Miscellaneous,Sugar,per kg,68,70
2021-06-20,Miscellaneous,Sugar,per kg,68,70
2021-06-21,Miscellaneous,Sugar,per kg,68,70
2021-06-22,Miscellaneous,Sugar,per kg,68,70
2021-06-23,Miscellaneous,Sugar,per kg,68,70
2021-06-26,Miscellaneous,Sugar,per kg,68,72
2021-06-27,Miscellaneous,Sugar,per kg,70,72
2021-06-28,Miscellaneous,Sugar,per kg,70,72
2021-06-29,Miscellaneous,Sugar,per kg,70,72
2021-06-30,Miscellaneous,Sugar,per kg,68,72
2021-07-01,Miscellaneous,Sugar,per kg,68,72
2021-07-02,Miscellaneous,Sugar,per kg,68,70
2021-07-03,Miscellaneous,Sugar,per kg,68,72
2021-07-04,Miscellaneous,Sugar,per kg,68,72
2021-07-05,Miscellaneous,Sugar,per kg,68,70
2021-07-06,Miscellaneous,Sugar,per kg,68,70
2021-07-07,Miscellaneous,Sugar,per kg,68,70
2021-07-08,Miscellaneous,Sugar,per kg,68,70
2021-07-09,Miscellaneous,Sugar,per kg,70,72
2021-07-10,Miscellaneous,Sugar,per kg,68,70
2021-07-11,Miscellaneous,Sugar,per kg,70,72
2021-07-12,Miscellaneous,Sugar,per kg,68,72
2021-07-13,Miscellaneous,Sugar,per kg,68,70
2021-07-14,Miscellaneous,Sugar,per kg,68,70
2021-07-15,Miscellaneous,Sugar,per kg,68,70
2021-07-16,Miscellaneous,Sugar,per kg,68,70
2021-07-17,Miscellaneous,Sugar,per kg,68,70
2021-07-18,Miscellaneous,Sugar,per kg,68,72
2021-07-19,Miscellaneous,Sugar,per kg,68,70
2021-07-25,Miscellaneous,Sugar,per kg,68,70
2021-07-26,Miscellaneous,Sugar,per kg,68,70
2021-07-27,Miscellaneous,Sugar,per kg,70,72
2021-07-28,Miscellaneous,Sugar,per kg,70,72
2021-07-29,Miscellaneous,Sugar,per kg,70,72
2021-07-30,Miscellaneous,Sugar,per kg,70,72
2021-07-31,Miscellaneous,Sugar,per kg,70,72
2021-08-01,Miscellaneous,Sugar,per kg,70,72
2021-08-02,Miscellaneous,Sugar,per kg,70,72
2021-08-03,Miscellaneous,Sugar,per kg,70,72
2021-08-05,Miscellaneous,Sugar,per kg,70,72
2021-08-06,Miscellaneous,Sugar,per kg,70,72
2021-08-07,Miscellaneous,Sugar,per kg,70,72
2021-08-08,Miscellaneous,Sugar,per kg,70,72
2021-08-09,Miscellaneous,Sugar,per kg,68,72
2021-08-10,Miscellaneous,Sugar,per kg,70,72
2021-08-11,Miscellaneous,Sugar,per kg,70,72
2021-08-12,Miscellaneous,Sugar,per kg,70,72
2021-08-16,Miscellaneous,Sugar,per kg,72,75
2021-08-17,Miscellaneous,Sugar,per kg,72,75
2021-08-18,Miscellaneous,Sugar,per kg,73,75
2021-08-21,Miscellaneous,Sugar,per kg,75,80
2021-08-22,Miscellaneous,Sugar,per kg,75,80
2021-08-23,Miscellaneous,Sugar,per kg,75,80
2021-08-25,Miscellaneous,Sugar,per kg,75,80
2021-08-27,Miscellaneous,Sugar,per kg,77,80
2021-09-01,Miscellaneous,Sugar,per kg,75,80
2021-09-02,Miscellaneous,Sugar,per kg,77,80
2021-09-03,Miscellaneous,Sugar,per kg,78,80
2021-09-05,Miscellaneous,Sugar,per kg,78,80
2021-09-05,Miscellaneous,Sugar,per kg,78,80
2021-09-07,Miscellaneous,Sugar,per kg,78,80
2021-09-11,Miscellaneous,Sugar,per kg,78,80
2021-09-12,Miscellaneous,Sugar,per kg,78,80
2021-09-14,Miscellaneous,Sugar,per kg,74,80
2021-09-15,Miscellaneous,Sugar,per kg,75,78
2021-09-17,Miscellaneous,Sugar,per kg,75,80
2021-09-18,Miscellaneous,Sugar,per kg,75,80
2021-09-19,Miscellaneous,Sugar,per kg,75,80
2021-09-21,Miscellaneous,Sugar,per kg,75,80
2021-09-22,Miscellaneous,Sugar,per kg,75,80
2021-09-23,Miscellaneous,Sugar,per kg,75,80
2021-09-25,Miscellaneous,Sugar,per kg,75,80
2021-09-26,Miscellaneous,Sugar,per kg,75,80
2021-09-28,Miscellaneous,Sugar,per kg,75,80
2021-10-01,Miscellaneous,Sugar,per kg,75,80
2021-10-03,Miscellaneous,Sugar,per kg,75,80
2021-10-04,Miscellaneous,Sugar,per kg,75,80
2021-10-05,Miscellaneous,Sugar,per kg,75,80
2021-10-07,Miscellaneous,Sugar,per kg,78,80
2021-10-08,Miscellaneous,Sugar,per kg,78,80
2021-10-09,Miscellaneous,Sugar,per kg,78,80
2021-10-09,Miscellaneous,Sugar,per kg,79,80
2021-10-10,Miscellaneous,Sugar,per kg,79,80
2021-10-11,Miscellaneous,Sugar,per kg,79,80
2021-10-12,Miscellaneous,Sugar,per kg,79,80
2021-10-14,Miscellaneous,Sugar,per kg,79,80
2021-10-17,Miscellaneous,Sugar,per kg,80,82
2021-10-19,Miscellaneous,Sugar,per kg,79,80
2021-10-21,Miscellaneous,Sugar,per kg,80,82
2021-10-22,Miscellaneous,Sugar,per kg,80,82
2021-10-23,Miscellaneous,Sugar,per kg,78,80
2021-10-24,Miscellaneous,Sugar,per kg,78,80
2021-10-26,Miscellaneous,Sugar,per kg,80,85
2021-10-27,Miscellaneous,Sugar,per kg,80,85
2021-10-28,Miscellaneous,Sugar,per kg,80,85
2021-10-30,Miscellaneous,Sugar,per kg,80,85
2021-11-01,Miscellaneous,Sugar,per kg,75,80
2021-11-02,Miscellaneous,Sugar,per kg,75,80
2021-11-03,Miscellaneous,Sugar,per kg,78,80
2021-11-04,Miscellaneous,Sugar,per kg,78,80
2021-11-06,Miscellaneous,Sugar,per kg,76,85
2021-11-08,Miscellaneous,Sugar,per kg,78,80
2021-11-09,Miscellaneous,Sugar,per kg,75,80
2021-11-10,Miscellaneous,Sugar,per kg,75,80
2021-11-13,Miscellaneous,Sugar,per kg,75,80
2021-11-14,Miscellaneous,Sugar,per kg,75,80
2021-11-15,Miscellaneous,Sugar,per kg,75,80
2021-11-17,Miscellaneous,Sugar,per kg,75,80
2021-11-18,Miscellaneous,Sugar,per kg,75,80
2021-11-19,Miscellaneous,Sugar,per kg,75,80
2021-11-22,Miscellaneous,Sugar,per kg,75,80
2021-11-24,Miscellaneous,Sugar,per kg,75,80
2021-11-26,Miscellaneous,Sugar,per kg,75,80
2021-11-27,Miscellaneous,Sugar,per kg,76,80
2021-11-28,Miscellaneous,Sugar,per kg,75,80
2021-11-30,Miscellaneous,Sugar,per kg,75,80
2021-12-01,Miscellaneous,Sugar,per kg,75,80
2021-12-02,Miscellaneous,Sugar,per kg,75,80
2021-12-03,Miscellaneous,Sugar,per kg,75,80
2021-12-04,Miscellaneous,Sugar,per kg,75,80
2021-12-05,Miscellaneous,Sugar,per kg,75,80
2021-12-09,Miscellaneous,Sugar,per kg,75,80
2021-12-10,Miscellaneous,Sugar,per kg,75,80
2021-12-12,Miscellaneous,Sugar,per kg,75,80
2021-12-13,Miscellaneous,Sugar,per kg,75,80
2021-12-17,Miscellaneous,Sugar,per kg,75,80
2021-12-18,Miscellaneous,Sugar,per kg,75,80
2021-12-19,Miscellaneous,Sugar,per kg,75,80
2021-12-20,Miscellaneous,Sugar,per kg,75,80
2021-12-22,Miscellaneous,Sugar,per kg,75,80
2021-12-24,Miscellaneous,Sugar,per kg,75,80
2021-12-26,Miscellaneous,Sugar,per kg,75,80
2021-12-27,Miscellaneous,Sugar,per kg,75,80
2021-12-29,Miscellaneous,Sugar,per kg,75,80
2021-12-31,Miscellaneous,Sugar,per kg,75,80
2022-01-02,Miscellaneous,Sugar,per kg,75,80
2022-01-03,Miscellaneous,Sugar,per kg,75,80
2022-01-04,Miscellaneous,Sugar,per kg,75,78
2022-01-07,Miscellaneous,Sugar,per kg,75,78
2022-01-13,Miscellaneous,Sugar,per kg,75,78
2022-01-16,Miscellaneous,Sugar,per kg,75,78
2022-01-17,Miscellaneous,Sugar,per kg,75,78
2022-01-18,Miscellaneous,Sugar,per kg,75,78
2022-01-20,Miscellaneous,Sugar,per kg,75,78
2022-01-22,Miscellaneous,Sugar,per kg,75,78
2022-01-25,Miscellaneous,Sugar,per kg,75,78
2022-01-26,Miscellaneous,Sugar,per kg,75,78
2022-01-27,Miscellaneous,Sugar,per kg,75,78
2022-01-28,Miscellaneous,Sugar,per kg,75,78
2022-01-29,Miscellaneous,Sugar,per kg,75,78
2022-01-30,Miscellaneous,Sugar,per kg,75,78
2022-02-02,Miscellaneous,Sugar,per kg,75,78
2022-02-03,Miscellaneous,Sugar,per kg,75,78
2022-02-04,Miscellaneous,Sugar,per kg,75,78
2022-02-05,Miscellaneous,Sugar,per kg,75,78
2022-02-06,Miscellaneous,Sugar,per kg,75,78
2022-02-08,Miscellaneous,Sugar,per kg,75,78
2022-02-11,Miscellaneous,Sugar,per kg,75,78
2022-02-15,Miscellaneous,Sugar,per kg,75,78
2022-02-18,Miscellaneous,Sugar,per kg,75,80
2022-02-19,Miscellaneous,Sugar,per kg,75,80
2022-02-20,Miscellaneous,Sugar,per kg,75,80
2022-02-22,Miscellaneous,Sugar,per kg,75,80
2022-02-23,Miscellaneous,Sugar,per kg,75,80
2022-02-24,Miscellaneous,Sugar,per kg,75,80
2022-02-25,Miscellaneous,Sugar,per kg,75,80
2022-02-26,Miscellaneous,Sugar,per kg,75,80
2022-02-27,Miscellaneous,Sugar,per kg,75,80
2022-03-01,Miscellaneous,Sugar,per kg,75,80
2022-03-02,Miscellaneous,Sugar,per kg,75,80
2022-03-03,Miscellaneous,Sugar,per kg,78,80
2022-03-07,Miscellaneous,Sugar,per kg,78,80
2022-03-08,Miscellaneous,Sugar,per kg,78,80
2022-03-10,Miscellaneous,Sugar,per kg,78,80
2022-03-11,Miscellaneous,Sugar,per kg,78,80
2022-04-12,Miscellaneous,Sugar,per kg,78,80
2022-04-13,Miscellaneous,Sugar,per kg,78,80
2022-04-16,Miscellaneous,Sugar,per kg,78,80
2022-04-20,Miscellaneous,Sugar,per kg,78,80
2022-04-22,Miscellaneous,Sugar,per kg,78,80
2022-04-24,Miscellaneous,Sugar,per kg,78,80
2022-04-26,Miscellaneous,Sugar,per kg,78,80
2022-05-06,Miscellaneous,Sugar,per kg,78,82
2022-05-16,Miscellaneous,Sugar,per kg,78,82
2022-05-17,Miscellaneous,Sugar,per kg,78,82
2022-05-20,Miscellaneous,Sugar,per kg,78,80
2022-05-22,Miscellaneous,Sugar,per kg,78,80
2022-05-25,Miscellaneous,Sugar,per kg,78,80
2022-05-28,Miscellaneous,Sugar,per kg,78,80
2022-06-01,Miscellaneous,Sugar,per kg,79,82
2022-06-02,Miscellaneous,Sugar,per kg,79,82
2022-06-03,Miscellaneous,Sugar,per kg,79,82
2022-06-05,Miscellaneous,Sugar,per kg,79,82
2022-06-11,Miscellaneous,Sugar,per kg,80,84
2022-06-16,Miscellaneous,Sugar,per kg,80,84
2022-06-26,Miscellaneous,Sugar,per kg,80,84
2022-07-21,Miscellaneous,Sugar,per kg,80,82
2022-08-22,Miscellaneous,Sugar,per kg,88,90
2022-12-15,Miscellaneous,Sugar,per kg,110,115
2023-01-01,Miscellaneous,Sugar,per kg,110,115
2023-01-02,Miscellaneous,Sugar,per kg,110,115
2023-01-03,Miscellaneous,Sugar,per kg,110,115
2023-01-06,Miscellaneous,Sugar,per kg,110,115
2023-01-07,Miscellaneous,Sugar,per kg,110,115
2023-01-08,Miscellaneous,Sugar,per kg,110,115
2023-01-09,Miscellaneous,Sugar,per kg,110,115
2023-01-10,Miscellaneous,Sugar,per kg,110,115
2023-01-11,Miscellaneous,Sugar,per kg,107,115
2023-01-12,Miscellaneous,Sugar,per kg,107,115
2023-01-13,Miscellaneous,Sugar,per kg,107,115
2023-01-14,Miscellaneous,Sugar,per kg,107,115
2023-01-15,Miscellaneous,Sugar,per kg,107,115
2023-01-16,Miscellaneous,Sugar,per kg,107,115
2023-01-17,Miscellaneous,Sugar,per kg,107,115
2023-01-18,Miscellaneous,Sugar,per kg,107,115
2023-01-19,Miscellaneous,Sugar,per kg,107,115
2023-01-20,Miscellaneous,Sugar,per kg,107,115
2023-01-21,Miscellaneous,Sugar,per kg,107,115
2023-01-22,Miscellaneous,Sugar,per kg,110,120
2023-01-23,Miscellaneous,Sugar,per kg,110,120
2023-01-24,Miscellaneous,Sugar,per kg,110,120
2023-01-25,Miscellaneous,Sugar,per kg,110,120
2023-01-26,Miscellaneous,Sugar,per kg,110,120
2023-01-27,Miscellaneous,Sugar,per kg,110,120
2023-01-28,Miscellaneous,Sugar,per kg,110,120
2023-01-29,Miscellaneous,Sugar,per kg,110,120
2023-01-30,Miscellaneous,Sugar,per kg,110,120
2023-01-31,Miscellaneous,Sugar,per kg,110,120
2023-02-01,Miscellaneous,Sugar,per kg,110,120
2023-02-02,Miscellaneous,Sugar,per kg,110,120
2023-02-03,Miscellaneous,Sugar,per kg,110,120
2023-02-04,Miscellaneous,Sugar,per kg,110,120
2023-02-05,Miscellaneous,Sugar,per kg,110,120
2023-02-07,Miscellaneous,Sugar,per kg,110,120
2023-02-08,Miscellaneous,Sugar,per kg,110,120
2023-02-09,Miscellaneous,Sugar,per kg,110,120
2023-02-10,Miscellaneous,Sugar,per kg,110,120
2023-02-12,Miscellaneous,Sugar,per kg,110,120
2023-02-13,Miscellaneous,Sugar,per kg,110,120
2023-02-14,Miscellaneous,Sugar,per kg,110,120
2023-02-15,Miscellaneous,Sugar,per kg,110,120
2023-02-16,Miscellaneous,Sugar,per kg,110,120
2023-02-17,Miscellaneous,Sugar,per kg,110,120
2023-02-18,Miscellaneous,Sugar,per kg,110,120
2023-02-19,Miscellaneous,Sugar,per kg,110,120
2023-02-20,Miscellaneous,Sugar,per kg,110,120
2023-02-22,Miscellaneous,Sugar,per kg,110,120
2023-02-23,Miscellaneous,Sugar,per kg,110,120
2023-02-24,Miscellaneous,Sugar,per kg,110,120
2023-02-25,Miscellaneous,Sugar,per kg,110,120
2023-02-26,Miscellaneous,Sugar,per kg,110,120
2023-02-27,Miscellaneous,Sugar,per kg,110,120
2023-02-28,Miscellaneous,Sugar,per kg,110,120
2023-03-01,Miscellaneous,Sugar,per kg,110,120
2023-03-02,Miscellaneous,Sugar,per kg,110,120
2023-03-03,Miscellaneous,Sugar,per kg,110,120
2023-03-04,Miscellaneous,Sugar,per kg,110,120
2023-03-05,Miscellaneous,Sugar,per kg,115,120
2023-03-07,Miscellaneous,Sugar,per kg,115,120
2023-03-09,Miscellaneous,Sugar,per kg,115,120
2023-03-10,Miscellaneous,Sugar,per kg,110,115
2023-03-11,Miscellaneous,Sugar,per kg,115,120
2023-03-12,Miscellaneous,Sugar,per kg,115,120
2023-03-13,Miscellaneous,Sugar,per kg,115,120
2023-03-14,Miscellaneous,Sugar,per kg,115,120
2023-03-15,Miscellaneous,Sugar,per kg,115,120
2023-03-16,Miscellaneous,Sugar,per kg,115,120
2023-03-18,Miscellaneous,Sugar,per kg,115,120
2023-03-19,Miscellaneous,Sugar,per kg,115,120
2023-03-20,Miscellaneous,Sugar,per kg,115,120
2023-03-21,Miscellaneous,Sugar,per kg,115,120
2023-03-22,Miscellaneous,Sugar,per kg,115,120
2023-03-23,Miscellaneous,Sugar,per kg,115,120
2023-03-25,Miscellaneous,Sugar,per kg,115,118
2023-03-27,Miscellaneous,Sugar,per kg,110,118
2023-03-28,Miscellaneous,Sugar,per kg,112,118
2023-03-29,Miscellaneous,Sugar,per kg,112,118
2023-03-30,Miscellaneous,Sugar,per kg,110,114
2023-03-31,Miscellaneous,Sugar,per kg,110,114
2023-04-01,Miscellaneous,Sugar,per kg,110,114
2023-04-02,Miscellaneous,Sugar,per kg,112,115
2023-04-03,Miscellaneous,Sugar,per kg,112,115
2023-04-04,Miscellaneous,Sugar,per kg,112,115
2023-04-05,Miscellaneous,Sugar,per kg,112,115
2023-04-06,Miscellaneous,Sugar,per kg,112,115
2023-04-07,Miscellaneous,Sugar,per kg,112,115
2023-04-08,Miscellaneous,Sugar,per kg,112,115
2023-04-09,Miscellaneous,Sugar,per kg,112,115
2023-04-10,Miscellaneous,Sugar,per kg,112,115
2023-04-11,Miscellaneous,Sugar,per kg,110,115
2023-04-12,Miscellaneous,Sugar,per kg,110,115
2023-04-13,Miscellaneous,Sugar,per kg,110,115
2023-04-15,Miscellaneous,Sugar,per kg,112,115
2023-04-16,Miscellaneous,Sugar,per kg,112,115
2023-04-17,Miscellaneous,Sugar,per kg,112,115
2023-04-18,Miscellaneous,Sugar,per kg,115,120
2023-04-24,Miscellaneous,Sugar,per kg,115,120
2023-04-25,Miscellaneous,Sugar,per kg,120,125
2023-04-26,Miscellaneous,Sugar,per kg,120,130
2023-04-27,Miscellaneous,Sugar,per kg,115,125
2023-04-28,Miscellaneous,Sugar,per kg,120,125
2023-04-29,Miscellaneous,Sugar,per kg,120,125
2023-04-30,Miscellaneous,Sugar,per kg,125,135
2023-05-02,Miscellaneous,Sugar,per kg,125,135
2023-05-03,Miscellaneous,Sugar,per kg,130,140
2023-05-05,Miscellaneous,Sugar,per kg,130,135
2023-05-06,Miscellaneous,Sugar,per kg,130,135
2023-05-07,Miscellaneous,Sugar,per kg,125,140
2023-05-08,Miscellaneous,Sugar,per kg,130,140
2023-05-09,Miscellaneous,Sugar,per kg,130,140
2023-05-10,Miscellaneous,Sugar,per kg,130,140
2023-05-11,Miscellaneous,Sugar,per kg,130,140
2023-05-12,Miscellaneous,Sugar,per kg,130,140
2023-05-13,Miscellaneous,Sugar,per kg,130,140
2023-05-14,Miscellaneous,Sugar,per kg,130,140
2023-05-15,Miscellaneous,Sugar,per kg,130,140
2023-05-16,Miscellaneous,Sugar,per kg,130,140
2023-05-17,Miscellaneous,Sugar,per kg,120,140
2023-05-18,Miscellaneous,Sugar,per kg,120,140
2023-05-19,Miscellaneous,Sugar,per kg,120,140
2023-05-21,Miscellaneous,Sugar,per kg,120,140
2023-05-22,Miscellaneous,Sugar,per kg,120,140
2023-05-23,Miscellaneous,Sugar,per kg,120,140
2023-05-24,Miscellaneous,Sugar,per kg,120,140
2023-05-25,Miscellaneous,Sugar,per kg,120,140
2023-05-26,Miscellaneous,Sugar,per kg,120,140
2023-05-27,Miscellaneous,Sugar,per kg,120,140
2023-05-28,Miscellaneous,Sugar,per kg,120,140
2023-05-29,Miscellaneous,Sugar,per kg,120,140
2023-05-30,Miscellaneous,Sugar,per kg,120,140
2023-05-31,Miscellaneous,Sugar,per kg,120,140
2023-06-02,Miscellaneous,Sugar,per kg,120,140
2023-06-04,Miscellaneous,Sugar,per kg,120,140
2023-06-05,Miscellaneous,Sugar,per kg,120,140
2023-06-06,Miscellaneous,Sugar,per kg,120,140
2023-06-07,Miscellaneous,Sugar,per kg,120,140
2023-06-10,Miscellaneous,Sugar,per kg,120,140
2023-06-11,Miscellaneous,Sugar,per kg,120,140
2023-06-13,Miscellaneous,Sugar,per kg,120,140
2023-06-14,Miscellaneous,Sugar,per kg,120,140
2023-06-16,Miscellaneous,Sugar,per kg,120,140
2023-06-19,Miscellaneous,Sugar,per kg,120,140
2023-06-20,Miscellaneous,Sugar,per kg,120,140
2023-06-23,Miscellaneous,Sugar,per kg,130,140
2023-06-24,Miscellaneous,Sugar,per kg,140,150
2023-06-25,Miscellaneous,Sugar,per kg,130,140
2023-06-26,Miscellaneous,Sugar,per kg,130,140
2023-07-02,Miscellaneous,Sugar,per kg,130,140
2023-07-04,Miscellaneous,Sugar,per kg,130,140
2023-07-06,Miscellaneous,Sugar,per kg,130,140
2023-07-07,Miscellaneous,Sugar,per kg,130,140
2023-07-08,Miscellaneous,Sugar,per kg,130,140
2023-07-10,Miscellaneous,Sugar,per kg,130,140
2023-07-12,Miscellaneous,Sugar,per kg,130,140
2023-07-13,Miscellaneous,Sugar,per kg,130,140
2023-07-16,Miscellaneous,Sugar,per kg,130,140
2023-07-22,Miscellaneous,Sugar,per kg,130,140
2023-07-23,Miscellaneous,Sugar,per kg,130,140
2023-07-25,Miscellaneous,Sugar,per kg,135,140
2023-07-28,Miscellaneous,Sugar,per kg,135,140
2023-07-31,Miscellaneous,Sugar,per kg,135,140
2023-08-04,Miscellaneous,Sugar,per kg,130,140
2023-08-05,Miscellaneous,Sugar,per kg,130,140
2023-08-07,Miscellaneous,Sugar,per kg,130,140
2023-08-12,Miscellaneous,Sugar,per kg,130,140
2023-08-13,Miscellaneous,Sugar,per kg,130,140
2023-08-17,Miscellaneous,Sugar,per kg,130,135
2023-08-19,Miscellaneous,Sugar,per kg,130,135
2023-08-20,Miscellaneous,Sugar,per kg,128,135
2023-08-26,Miscellaneous,Sugar,per kg,128,135
2023-08-31,Miscellaneous,Sugar,per kg,128,135
2023-09-03,Miscellaneous,Sugar,per kg,128,135
2023-09-04,Miscellaneous,Sugar,per kg,128,135
2023-09-05,Miscellaneous,Sugar,per kg,130,135
2023-09-07,Miscellaneous,Sugar,per kg,130,135
2023-09-08,Miscellaneous,Sugar,per kg,130,135
2023-09-10,Miscellaneous,Sugar,per kg,130,135
2023-09-11,Miscellaneous,Sugar,per kg,130,135
2023-09-18,Miscellaneous,Sugar,per kg,130,135
2023-09-19,Miscellaneous,Sugar,per kg,130,135
2023-09-21,Miscellaneous,Sugar,per kg,130,135
2023-09-22,Miscellaneous,Sugar,per kg,130,135
2023-09-25,Miscellaneous,Sugar,per kg,130,135
2023-09-26,Miscellaneous,Sugar,per kg,130,135
2023-10-03,Miscellaneous,Sugar,per kg,130,135
2023-10-04,Miscellaneous,Sugar,per kg,130,135
2023-10-05,Miscellaneous,Sugar,per kg,130,135
2023-10-08,Miscellaneous,Sugar,per kg,130,135
2023-10-09,Miscellaneous,Sugar,per kg,130,135
2023-10-10,Miscellaneous,Sugar,per kg,130,135
2023-10-11,Miscellaneous,Sugar,per kg,130,135
2023-10-13,Miscellaneous,Sugar,per kg,130,135
2023-10-16,Miscellaneous,Sugar,per kg,130,135
2023-10-17,Miscellaneous,Sugar,per kg,130,135
2023-10-18,Miscellaneous,Sugar,per kg,130,135
2023-10-20,Miscellaneous,Sugar,per kg,130,135
2023-10-21,Miscellaneous,Sugar,per kg,130,135
2023-10-22,Miscellaneous,Sugar,per kg,130,135
2023-10-23,Miscellaneous,Sugar,per kg,130,135
2023-10-25,Miscellaneous,Sugar,per kg,130,135
2023-10-26,Miscellaneous,Sugar,per kg,130,135
2023-10-27,Miscellaneous,Sugar,per kg,130,135
2023-10-28,Miscellaneous,Sugar,per kg,130,135
2023-10-30,Miscellaneous,Sugar,per kg,130,135
2023-10-31,Miscellaneous,Sugar,per kg,130,135
2023-11-01,Miscellaneous,Sugar,per kg,130,135
2023-11-03,Miscellaneous,Sugar,per kg,130,135
2023-11-06,Miscellaneous,Sugar,per kg,130,135
2023-11-07,Miscellaneous,Sugar,per kg,130,140
2023-11-09,Miscellaneous,Sugar,per kg,140,145
2023-11-10,Miscellaneous,Sugar,per kg,140,145
2023-11-11,Miscellaneous,Sugar,per kg,140,145
2023-11-12,Miscellaneous,Sugar,per kg,140,145
2023-11-13,Miscellaneous,Sugar,per kg,140,150
2023-11-14,Miscellaneous,Sugar,per kg,140,150
2023-11-15,Miscellaneous,Sugar,per kg,140,150
2023-11-16,Miscellaneous,Sugar,per kg,145,150
2023-11-17,Miscellaneous,Sugar,per kg,145,150
2023-11-18,Miscellaneous,Sugar,per kg,145,150
2023-11-19,Miscellaneous,Sugar,per kg,145,150
2023-11-20,Miscellaneous,Sugar,per kg,145,150
2023-11-21,Miscellaneous,Sugar,per kg,145,150
2023-11-22,Miscellaneous,Sugar,per kg,145,150
2023-11-23,Miscellaneous,Sugar,per kg,145,150
2023-11-24,Miscellaneous,Sugar,per kg,145,150
2023-11-25,Miscellaneous,Sugar,per kg,140,150
2023-11-26,Miscellaneous,Sugar,per kg,145,150
2023-11-27,Miscellaneous,Sugar,per kg,145,150
2023-11-28,Miscellaneous,Sugar,per kg,142,150
2023-11-29,Miscellaneous,Sugar,per kg,142,150
2023-11-30,Miscellaneous,Sugar,per kg,140,150
2023-12-01,Miscellaneous,Sugar,per kg,140,150
2023-12-02,Miscellaneous,Sugar,per kg,140,150
2023-12-03,Miscellaneous,Sugar,per kg,140,150
2023-12-04,Miscellaneous,Sugar,per kg,140,150
2023-12-05,Miscellaneous,Sugar,per kg,140,150
2023-12-06,Miscellaneous,Sugar,per kg,140,150
2023-12-07,Miscellaneous,Sugar,per kg,140,150
2023-12-08,Miscellaneous,Sugar,per kg,140,150
2023-12-09,Miscellaneous,Sugar,per kg,142,150
2023-12-10,Miscellaneous,Sugar,per kg,140,150
2023-12-11,Miscellaneous,Sugar,per kg,140,150
2023-12-12,Miscellaneous,Sugar,per kg,140,150
2023-12-13,Miscellaneous,Sugar,per kg,140,150
2023-12-14,Miscellaneous,Sugar,per kg,140,150
2023-12-15,Miscellaneous,Sugar,per kg,140,150
2023-12-17,Miscellaneous,Sugar,per kg,140,150
2023-12-18,Miscellaneous,Sugar,per kg,140,150
2023-12-19,Miscellaneous,Sugar,per kg,140,150
2023-12-20,Miscellaneous,Sugar,per kg,140,145
2023-12-21,Miscellaneous,Sugar,per kg,140,145
2023-12-22,Miscellaneous,Sugar,per kg,140,145
2023-12-23,Miscellaneous,Sugar,per kg,140,145
2023-12-24,Miscellaneous,Sugar,per kg,140,145
2023-12-26,Miscellaneous,Sugar,per kg,140,145
2023-12-27,Miscellaneous,Sugar,per kg,140,145
2023-12-28,Miscellaneous,Sugar,per kg,140,145
2023-12-29,Miscellaneous,Sugar,per kg,140,145
2023-12-30,Miscellaneous,Sugar,per kg,140,145
2023-12-31,Miscellaneous,Sugar,per kg,140,145
2024-01-01,Miscellaneous,Sugar,per kg,140,145
2024-01-02,Miscellaneous,Sugar,per kg,140,145
2024-01-03,Miscellaneous,Sugar,per kg,140,145
2024-01-04,Miscellaneous,Sugar,per kg,140,145
2024-01-05,Miscellaneous,Sugar,per kg,140,145
2024-01-06,Miscellaneous,Sugar,per kg,140,145
2024-01-08,Miscellaneous,Sugar,per kg,140,145
2024-01-09,Miscellaneous,Sugar,per kg,140,145
2024-01-10,Miscellaneous,Sugar,per kg,140,145
2024-01-11,Miscellaneous,Sugar,per kg,140,145
2024-01-12,Miscellaneous,Sugar,per kg,140,145
2024-01-13,Miscellaneous,Sugar,per kg,140,145
2024-01-14,Miscellaneous,Sugar,per kg,140,145
2024-01-15,Miscellaneous,Sugar,per kg,140,145
2024-01-16,Miscellaneous,Sugar,per kg,140,145
2024-01-17,Miscellaneous,Sugar,per kg,140,145
2024-01-18,Miscellaneous,Sugar,per kg,140,145
2024-01-19,Miscellaneous,Sugar,per kg,140,145
2024-01-20,Miscellaneous,Sugar,per kg,140,145
2024-01-21,Miscellaneous,Sugar,per kg,140,145
2024-01-22,Miscellaneous,Sugar,per kg,140,145
2024-01-23,Miscellaneous,Sugar,per kg,140,145
2024-01-24,Miscellaneous,Sugar,per kg,140,145
2024-01-25,Miscellaneous,Sugar,per kg,140,145
2024-01-26,Miscellaneous,Sugar,per kg,140,145
2024-01-27,Miscellaneous,Sugar,per kg,140,145
2024-01-28,Miscellaneous,Sugar,per kg,140,145
2024-01-29,Miscellaneous,Sugar,per kg,140,145
2024-01-30,Miscellaneous,Sugar,per kg,140,145
2024-01-31,Miscellaneous,Sugar,per kg,140,145
2024-02-01,Miscellaneous,Sugar,per kg,135,140
2024-02-02,Miscellaneous,Sugar,per kg,135,140
2024-02-03,Miscellaneous,Sugar,per kg,135,140
2024-02-04,Miscellaneous,Sugar,per kg,135,140
2024-02-05,Miscellaneous,Sugar,per kg,135,140
2024-02-06,Miscellaneous,Sugar,per kg,135,140
2024-02-07,Miscellaneous,Sugar,per kg,135,140
2024-02-08,Miscellaneous,Sugar,per kg,130,140
2024-02-09,Miscellaneous,Sugar,per kg,130,140
2024-02-11,Miscellaneous,Sugar,per kg,130,140
2024-02-12,Miscellaneous,Sugar,per kg,135,140
2024-02-13,Miscellaneous,Sugar,per kg,135,140
2024-02-14,Miscellaneous,Sugar,per kg,135,140
2024-02-15,Miscellaneous,Sugar,per kg,135,140
2024-02-16,Miscellaneous,Sugar,per kg,135,140
2024-02-17,Miscellaneous,Sugar,per kg,135,140
2024-02-18,Miscellaneous,Sugar,per kg,135,140
2024-02-19,Miscellaneous,Sugar,per kg,135,140
2024-02-20,Miscellaneous,Sugar,per kg,135,140
2024-02-22,Miscellaneous,Sugar,per kg,135,140
2024-02-23,Miscellaneous,Sugar,per kg,135,145
2024-02-24,Miscellaneous,Sugar,per kg,135,145
2024-02-25,Miscellaneous,Sugar,per kg,140,145
2024-02-27,Miscellaneous,Sugar,per kg,140,145
2024-02-28,Miscellaneous,Sugar,per kg,140,145
2024-02-29,Miscellaneous,Sugar,per kg,140,145
2024-03-01,Miscellaneous,Sugar,per kg,140,145
2024-03-02,Miscellaneous,Sugar,per kg,140,145
2024-03-03,Miscellaneous,Sugar,per kg,140,145
2024-03-04,Miscellaneous,Sugar,per kg,140,145
2024-03-07,Miscellaneous,Sugar,per kg,140,150
2024-03-08,Miscellaneous,Sugar,per kg,140,150
2024-03-09,Miscellaneous,Sugar,per kg,140,145
2024-03-10,Miscellaneous,Sugar,per kg,140,145
2024-03-11,Miscellaneous,Sugar,per kg,140,145
2024-03-12,Miscellaneous,Sugar,per kg,140,145
2024-03-13,Miscellaneous,Sugar,per kg,140,145
2024-03-14,Miscellaneous,Sugar,per kg,140,145
2024-03-15,Miscellaneous,Sugar,per kg,140,145
2024-03-16,Miscellaneous,Sugar,per kg,140,145
2024-03-19,Miscellaneous,Sugar,per kg,135,140
2024-03-20,Miscellaneous,Sugar,per kg,135,140
2024-03-21,Miscellaneous,Sugar,per kg,135,140
2024-03-22,Miscellaneous,Sugar,per kg,138,145
2024-03-23,Miscellaneous,Sugar,per kg,138,145
2024-03-24,Miscellaneous,Sugar,per kg,135,140
2024-03-25,Miscellaneous,Sugar,per kg,135,140
2024-03-27,Miscellaneous,Sugar,per kg,135,140
2024-03-28,Miscellaneous,Sugar,per kg,135,140
2024-03-29,Miscellaneous,Sugar,per kg,135,140
2024-03-30,Miscellaneous,Sugar,per kg,135,140
2024-03-31,Miscellaneous,Sugar,per kg,135,140
2024-04-01,Miscellaneous,Sugar,per kg,135,140
2024-04-02,Miscellaneous,Sugar,per kg,135,140
2024-04-03,Miscellaneous,Sugar,per kg,135,140
2024-04-04,Miscellaneous,Sugar,per kg,135,140
2024-04-05,Miscellaneous,Sugar,per kg,135,140
2024-04-06,Miscellaneous,Sugar,per kg,135,140
2024-04-08,Miscellaneous,Sugar,per kg,135,140
2024-04-09,Miscellaneous,Sugar,per kg,135,140
2024-04-15,Miscellaneous,Sugar,per kg,135,140
2024-04-16,Miscellaneous,Sugar,per kg,135,140
2024-04-17,Miscellaneous,Sugar,per kg,135,140
2024-04-18,Miscellaneous,Sugar,per kg,135,140
2024-04-19,Miscellaneous,Sugar,per kg,135,140
2024-04-20,Miscellaneous,Sugar,per kg,135,140
2024-04-21,Miscellaneous,Sugar,per kg,130,140
2024-04-22,Miscellaneous,Sugar,per kg,130,140
2024-04-23,Miscellaneous,Sugar,per kg,130,140
2024-04-24,Miscellaneous,Sugar,per kg,130,140
2024-04-25,Miscellaneous,Sugar,per kg,130,140
2024-04-26,Miscellaneous,Sugar,per kg,130,140
2024-04-27,Miscellaneous,Sugar,per kg,130,140
2024-04-28,Miscellaneous,Sugar,per kg,130,140
2024-04-29,Miscellaneous,Sugar,per kg,125,135
2024-04-30,Miscellaneous,Sugar,per kg,125,135
2024-05-02,Miscellaneous,Sugar,per kg,125,135
2024-05-03,Miscellaneous,Sugar,per kg,125,135
2024-05-04,Miscellaneous,Sugar,per kg,125,135
2024-05-05,Miscellaneous,Sugar,per kg,125,135
2024-05-06,Miscellaneous,Sugar,per kg,120,135
2024-05-07,Miscellaneous,Sugar,per kg,120,135
2024-05-08,Miscellaneous,Sugar,per kg,120,135
2024-05-09,Miscellaneous,Sugar,per kg,120,135
2024-05-10,Miscellaneous,Sugar,per kg,120,135
2024-05-11,Miscellaneous,Sugar,per kg,120,135
2024-05-12,Miscellaneous,Sugar,per kg,120,135
2024-05-13,Miscellaneous,Sugar,per kg,120,135
2024-05-14,Miscellaneous,Sugar,per kg,120,135
2024-05-15,Miscellaneous,Sugar,per kg,120,135
2024-05-16,Miscellaneous,Sugar,per kg,120,135
2024-05-17,Miscellaneous,Sugar,per kg,120,135
2024-05-18,Miscellaneous,Sugar,per kg,120,135
2024-05-19,Miscellaneous,Sugar,per kg,125,135
2024-05-20,Miscellaneous,Sugar,per kg,125,135
2024-05-21,Miscellaneous,Sugar,per kg,125,135
2024-05-23,Miscellaneous,Sugar,per kg,125,135
2024-05-24,Miscellaneous,Sugar,per kg,125,135
2024-05-25,Miscellaneous,Sugar,per kg,125,135
2024-05-26,Miscellaneous,Sugar,per kg,130,135
2024-05-27,Miscellaneous,Sugar,per kg,130,135
2024-05-28,Miscellaneous,Sugar,per kg,130,135
2024-05-29,Miscellaneous,Sugar,per kg,130,135
2024-05-30,Miscellaneous,Sugar,per kg,130,135
2024-05-31,Miscellaneous,Sugar,per kg,125,135
2024-06-01,Miscellaneous,Sugar,per kg,125,135
2024-06-02,Miscellaneous,Sugar,per kg,125,135
2024-06-03,Miscellaneous,Sugar,per kg,125,135
2024-06-04,Miscellaneous,Sugar,per kg,125,135
2024-06-05,Miscellaneous,Sugar,per kg,125,135
2024-06-06,Miscellaneous,Sugar,per kg,125,135
2024-06-07,Miscellaneous,Sugar,per kg,125,135
2024-06-08,Miscellaneous,Sugar,per kg,125,135
2024-06-09,Miscellaneous,Sugar,per kg,125,135
2024-06-10,Miscellaneous,Sugar,per kg,125,135
2024-06-11,Miscellaneous,Sugar,per kg,125,135
2024-06-12,Miscellaneous,Sugar,per kg,125,135
2024-06-13,Miscellaneous,Sugar,per kg,125,135
2024-06-14,Miscellaneous,Sugar,per kg,125,135
2024-06-15,Miscellaneous,Sugar,per kg,125,135
2024-06-19,Miscellaneous,Sugar,per kg,125,135
2024-06-20,Miscellaneous,Sugar,per kg,125,135
2024-06-23,Miscellaneous,Sugar,per kg,125,135
2024-06-24,Miscellaneous,Sugar,per kg,125,135
2024-06-25,Miscellaneous,Sugar,per kg,125,135
2024-06-26,Miscellaneous,Sugar,per kg,125,135
2024-06-27,Miscellaneous,Sugar,per kg,125,135
2024-06-28,Miscellaneous,Sugar,per kg,125,135
2024-06-29,Miscellaneous,Sugar,per kg,125,135
2024-06-30,Miscellaneous,Sugar,per kg,125,135
2024-07-01,Miscellaneous,Sugar,per kg,125,135
2024-07-02,Miscellaneous,Sugar,per kg,125,135
2024-07-03,Miscellaneous,Sugar,per kg,125,135
2024-07-04,Miscellaneous,Sugar,per kg,125,135
2024-07-05,Miscellaneous,Sugar,per kg,125,135
2024-07-06,Miscellaneous,Sugar,per kg,125,135
2024-07-07,Miscellaneous,Sugar,per kg,125,135
2024-07-08,Miscellaneous,Sugar,per kg,125,135
2024-07-09,Miscellaneous,Sugar,per kg,125,135
2024-07-10,Miscellaneous,Sugar,per kg,125,135
2024-07-11,Miscellaneous,Sugar,per kg,125,135
2024-07-12,Miscellaneous,Sugar,per kg,125,135
2024-07-13,Miscellaneous,Sugar,per kg,125,135
2024-07-14,Miscellaneous,Sugar,per kg,125,135
2024-07-15,Miscellaneous,Sugar,per kg,125,135
2024-07-16,Miscellaneous,Sugar,per kg,125,135
2024-07-18,Miscellaneous,Sugar,per kg,125,135
2024-07-24,Miscellaneous,Sugar,per kg,125,135
2024-07-25,Miscellaneous,Sugar,per kg,130,135
2024-07-26,Miscellaneous,Sugar,per kg,130,135
2024-07-27,Miscellaneous,Sugar,per kg,130,135
2024-07-28,Miscellaneous,Sugar,per kg,130,135
2024-07-29,Miscellaneous,Sugar,per kg,130,135
2024-07-30,Miscellaneous,Sugar,per kg,130,135
2024-07-31,Miscellaneous,Sugar,per kg,125,135
2024-08-01,Miscellaneous,Sugar,per kg,125,135
2024-08-02,Miscellaneous,Sugar,per kg,125,130
2024-08-03,Miscellaneous,Sugar,per kg,125,130
2024-08-04,Miscellaneous,Sugar,per kg,125,135
2024-08-07,Miscellaneous,Sugar,per kg,125,135
2024-08-08,Miscellaneous,Sugar,per kg,125,135
2024-08-09,Miscellaneous,Sugar,per kg,125,135
2024-08-10,Miscellaneous,Sugar,per kg,125,135
2024-08-11,Miscellaneous,Sugar,per kg,130,135
2024-08-12,Miscellaneous,Sugar,per kg,130,135
2024-08-13,Miscellaneous,Sugar,per kg,130,135
2024-08-14,Miscellaneous,Sugar,per kg,130,135
2024-08-15,Miscellaneous,Sugar,per kg,130,135
2024-08-16,Miscellaneous,Sugar,per kg,130,135
2024-08-17,Miscellaneous,Sugar,per kg,130,135
2024-08-18,Miscellaneous,Sugar,per kg,130,135
2024-08-19,Miscellaneous,Sugar,per kg,130,135
2024-08-20,Miscellaneous,Sugar,per kg,130,135
2024-08-21,Miscellaneous,Sugar,per kg,130,135
2024-08-22,Miscellaneous,Sugar,per kg,130,135
2024-08-23,Miscellaneous,Sugar,per kg,130,135
2024-08-24,Miscellaneous,Sugar,per kg,128,135
2024-08-25,Miscellaneous,Sugar,per kg,128,135
2024-08-27,Miscellaneous,Sugar,per kg,125,135
2024-08-28,Miscellaneous,Sugar,per kg,125,135
2024-08-29,Miscellaneous,Sugar,per kg,125,130
2024-08-30,Miscellaneous,Sugar,per kg,125,130
2024-08-31,Miscellaneous,Sugar,per kg,125,130
2024-09-01,Miscellaneous,Sugar,per kg,125,130
2024-09-02,Miscellaneous,Sugar,per kg,125,130
2024-09-03,Miscellaneous,Sugar,per kg,125,130
2024-09-04,Miscellaneous,Sugar,per kg,125,130
2024-09-05,Miscellaneous,Sugar,per kg,125,130
2024-09-06,Miscellaneous,Sugar,per kg,125,130
2024-09-07,Miscellaneous,Sugar,per kg,125,130
2024-09-08,Miscellaneous,Sugar,per kg,125,130
2024-09-09,Miscellaneous,Sugar,per kg,125,130
2024-09-10,Miscellaneous,Sugar,per kg,125,130
2024-09-11,Miscellaneous,Sugar,per kg,125,130
2024-09-12,Miscellaneous,Sugar,per kg,125,130
2024-09-13,Miscellaneous,Sugar,per kg,125,130
2024-09-14,Miscellaneous,Sugar,per kg,125,130
2024-09-15,Miscellaneous,Sugar,per kg,125,130
2024-09-17,Miscellaneous,Sugar,per kg,125,130
2024-09-18,Miscellaneous,Sugar,per kg,125,130
2024-09-19,Miscellaneous,Sugar,per kg,125,130
2024-09-20,Miscellaneous,Sugar,per kg,125,130
2024-09-21,Miscellaneous,Sugar,per kg,125,130
2024-09-22,Miscellaneous,Sugar,per kg,125,130
2024-09-23,Miscellaneous,Sugar,per kg,125,130
2024-09-24,Miscellaneous,Sugar,per kg,125,130
2024-09-25,Miscellaneous,Sugar,per kg,126,135
2024-09-26,Miscellaneous,Sugar,per kg,126,135
2024-09-27,Miscellaneous,Sugar,per kg,126,135
2024-09-28,Miscellaneous,Sugar,per kg,126,135
2024-09-29,Miscellaneous,Sugar,per kg,126,135
2024-09-30,Miscellaneous,Sugar,per kg,126,135
2024-10-01,Miscellaneous,Sugar,per kg,126,135
2024-10-02,Miscellaneous,Sugar,per kg,128,135
2024-10-03,Miscellaneous,Sugar,per kg,128,135
2024-10-04,Miscellaneous,Sugar,per kg,128,135
2024-10-05,Miscellaneous,Sugar,per kg,128,135
2024-10-06,Miscellaneous,Sugar,per kg,128,135
2024-10-07,Miscellaneous,Sugar,per kg,128,135
2024-10-08,Miscellaneous,Sugar,per kg,125,135
2024-10-09,Miscellaneous,Sugar,per kg,125,135
2024-10-11,Miscellaneous,Sugar,per kg,126,135
2024-10-12,Miscellaneous,Sugar,per kg,125,135
2024-10-14,Miscellaneous,Sugar,per kg,125,135
2024-10-15,Miscellaneous,Sugar,per kg,125,135
2024-10-16,Miscellaneous,Sugar,per kg,127,135
2024-10-17,Miscellaneous,Sugar,per kg,127,135
2024-10-18,Miscellaneous,Sugar,per kg,127,135
2024-10-19,Miscellaneous,Sugar,per kg,128,135
2024-10-20,Miscellaneous,Sugar,per kg,128,135
2024-10-21,Miscellaneous,Sugar,per kg,128,135
2024-10-22,Miscellaneous,Sugar,per kg,128,135
2024-10-23,Miscellaneous,Sugar,per kg,128,135
2024-10-24,Miscellaneous,Sugar,per kg,130,135
2024-10-25,Miscellaneous,Sugar,per kg,130,135
2024-10-26,Miscellaneous,Sugar,per kg,130,135
2024-10-27,Miscellaneous,Sugar,per kg,130,135
2024-10-28,Miscellaneous,Sugar,per kg,130,135
2024-10-29,Miscellaneous,Sugar,per kg,130,135
2024-10-30,Miscellaneous,Sugar,per kg,130,135
2024-10-31,Miscellaneous,Sugar,per kg,130,135
2024-11-01,Miscellaneous,Sugar,per kg,130,135
2024-11-02,Miscellaneous,Sugar,per kg,130,135
2024-11-03,Miscellaneous,Sugar,per kg,130,135
2024-11-04,Miscellaneous,Sugar,per kg,130,135
2024-11-05,Miscellaneous,Sugar,per kg,130,135
2024-11-06,Miscellaneous,Sugar,per kg,130,135
2024-11-07,Miscellaneous,Sugar,per kg,130,135
2024-11-08,Miscellaneous,Sugar,per kg,130,135
2024-11-09,Miscellaneous,Sugar,per kg,130,135
2024-11-10,Miscellaneous,Sugar,per kg,130,135
2024-11-11,Miscellaneous,Sugar,per kg,128,135
2024-11-12,Miscellaneous,Sugar,per kg,128,135
2024-11-13,Miscellaneous,Sugar,per kg,128,135
2024-11-14,Miscellaneous,Sugar,per kg,128,135
2024-11-15,Miscellaneous,Sugar,per kg,128,135
2024-11-16,Miscellaneous,Sugar,per kg,128,135
2024-11-17,Miscellaneous,Sugar,per kg,125,135
2024-11-18,Miscellaneous,Sugar,per kg,125,135
2024-11-19,Miscellaneous,Sugar,per kg,125,135
2024-11-20,Miscellaneous,Sugar,per kg,125,135
2024-11-21,Miscellaneous,Sugar,per kg,125,135
2024-11-22,Miscellaneous,Sugar,per kg,125,135
2024-11-23,Miscellaneous,Sugar,per kg,125,135
2024-11-24,Miscellaneous,Sugar,per kg,125,135
2024-11-25,Miscellaneous,Sugar,per kg,125,135
2024-11-26,Miscellaneous,Sugar,per kg,125,135
2024-11-27,Miscellaneous,Sugar,per kg,125,127
2024-11-28,Miscellaneous,Sugar,per kg,125,127
2024-11-29,Miscellaneous,Sugar,per kg,125,127
2024-11-30,Miscellaneous,Sugar,per kg,125,127
2024-12-01,Miscellaneous,Sugar,per kg,125,127
2024-12-02,Miscellaneous,Sugar,per kg,125,127
2024-12-03,Miscellaneous,Sugar,per kg,125,127
2024-12-04,Miscellaneous,Sugar,per kg,125,127
2024-12-05,Miscellaneous,Sugar,per kg,125,127
2024-12-06,Miscellaneous,Sugar,per kg,125,127
2024-12-07,Miscellaneous,Sugar,per kg,125,127
2024-12-08,Miscellaneous,Sugar,per kg,125,127
2024-12-09,Miscellaneous,Sugar,per kg,125,127
2024-12-10,Miscellaneous,Sugar,per kg,125,127
2024-12-11,Miscellaneous,Sugar,per kg,125,127
2024-12-12,Miscellaneous,Sugar,per kg,125,127
2024-12-13,Miscellaneous,Sugar,per kg,125,127
2024-12-14,Miscellaneous,Sugar,per kg,125,127
2024-12-15,Miscellaneous,Sugar,per kg,125,127
2024-12-17,Miscellaneous,Sugar,per kg,125,127
2024-12-18,Miscellaneous,Sugar,per kg,125,127
2024-12-19,Miscellaneous,Sugar,per kg,125,127
2024-12-20,Miscellaneous,Sugar,per kg,125,127
2024-12-22,Miscellaneous,Sugar,per kg,125,127
2024-12-22,Miscellaneous,Sugar,per kg,125,127
2024-12-24,Miscellaneous,Sugar,per kg,120,127
2024-12-26,Miscellaneous,Sugar,per kg,125,130
2024-12-27,Miscellaneous,Sugar,per kg,122,127
2024-12-28,Miscellaneous,Sugar,per kg,120,132
2024-12-29,Miscellaneous,Sugar,per kg,120,132
2024-12-30,Miscellaneous,Sugar,per kg,120,132
2024-12-31,Miscellaneous,Sugar,per kg,120,125
2025-01-01,Miscellaneous,Sugar,per kg,120,125
2025-01-02,Miscellaneous,Sugar,per kg,120,125
2025-01-03,Miscellaneous,Sugar,per kg,120,130
2025-01-04,Miscellaneous,Sugar,per kg,120,130
2025-01-05,Miscellaneous,Sugar,per kg,120,130
2025-01-06,Miscellaneous,Sugar,per kg,120,130
2025-01-07,Miscellaneous,Sugar,per kg,120,130
2025-01-08,Miscellaneous,Sugar,per kg,120,130
2025-01-09,Miscellaneous,Sugar,per kg,120,130
2025-01-10,Miscellaneous,Sugar,per kg,120,130
2025-01-11,Miscellaneous,Sugar,per kg,120,130
2025-01-12,Miscellaneous,Sugar,per kg,120,130
2025-01-13,Miscellaneous,Sugar,per kg,120,130
2025-01-14,Miscellaneous,Sugar,per kg,120,130
2025-01-15,Miscellaneous,Sugar,per kg,120,130
2025-01-16,Miscellaneous,Sugar,per kg,120,130
2025-01-17,Miscellaneous,Sugar,per kg,120,125
2025-01-18,Miscellaneous,Sugar,per kg,120,128
2025-01-19,Miscellaneous,Sugar,per kg,120,128
2025-01-20,Miscellaneous,Sugar,per kg,120,128
2025-01-21,Miscellaneous,Sugar,per kg,120,125
2025-01-22,Miscellaneous,Sugar,per kg,120,125
2025-01-23,Miscellaneous,Sugar,per kg,120,125
2025-01-24,Miscellaneous,Sugar,per kg,120,125
2025-01-25,Miscellaneous,Sugar,per kg,120,122
2025-01-26,Miscellaneous,Sugar,per kg,120,125
2025-01-27,Miscellaneous,Sugar,per kg,118,125
2025-01-28,Miscellaneous,Sugar,per kg,118,125
2025-02-20,Miscellaneous,Sugar,per kg,120,125
2025-03-09,Miscellaneous,Sugar,per kg,118,125
2025-03-10,Miscellaneous,Sugar,per kg,118,125
2025-03-11,Miscellaneous,Sugar,per kg,118,125
2025-03-12,Miscellaneous,Sugar,per kg,118,125
2025-03-13,Miscellaneous,Sugar,per kg,115,120
2025-03-13,Miscellaneous,Sugar,per kg,115,120
2025-03-14,Miscellaneous,Sugar,per kg,115,120
2025-03-16,Miscellaneous,Sugar,per kg,115,120
2025-03-17,Miscellaneous,Sugar,per kg,115,120
2025-03-18,Miscellaneous,Sugar,per kg,115,120
2025-03-19,Miscellaneous,Sugar,per kg,115,120
2025-03-20,Miscellaneous,Sugar,per kg,115,120
2025-03-21,Miscellaneous,Sugar,per kg,115,120
2025-03-22,Miscellaneous,Sugar,per kg,115,120
2025-03-23,Miscellaneous,Sugar,per kg,115,120
2025-03-23,Miscellaneous,Sugar,per kg,115,120
2025-03-24,Miscellaneous,Sugar,per kg,115,120
2025-03-25,Miscellaneous,Sugar,per kg,115,120
2025-03-27,Miscellaneous,Sugar,per kg,115,120
2025-04-04,Miscellaneous,Sugar,per kg,115,120
2025-04-05,Miscellaneous,Sugar,per kg,115,120
2025-04-06,Miscellaneous,Sugar,per kg,115,120
2025-04-07,Miscellaneous,Sugar,per kg,115,120
2025-04-08,Miscellaneous,Sugar,per kg,115,120
2025-04-09,Miscellaneous,Sugar,per kg,115,120
2025-04-10,Miscellaneous,Sugar,per kg,115,120
2025-04-11,Miscellaneous,Sugar,per kg,115,120
2025-04-12,Miscellaneous,Sugar,per kg,115,120
2025-04-13,Miscellaneous,Sugar,per kg,115,120
2025-04-15,Miscellaneous,Sugar,per kg,115,120
2025-04-16,Miscellaneous,Sugar,per kg,115,120
2025-04-17,Miscellaneous,Sugar,per kg,115,120
2025-04-18,Miscellaneous,Sugar,per kg,115,120
2025-04-19,Miscellaneous,Sugar,per kg,115,120
2025-04-20,Miscellaneous,Sugar,per kg,115,120
2025-04-21,Miscellaneous,Sugar,per kg,114,120
2025-04-21,Miscellaneous,Sugar,per kg,114,120
2025-04-23,Miscellaneous,Sugar,per kg,114,120
2025-04-24,Miscellaneous,Sugar,per kg,114,120
2025-04-25,Miscellaneous,Sugar,per kg,114,120
2025-04-26,Miscellaneous,Sugar,per kg,114,120
2025-04-27,Miscellaneous,Sugar,per kg,114,120
2025-04-28,Miscellaneous,Sugar,per kg,114,120
2025-04-29,Miscellaneous,Sugar,per kg,114,120
2025-04-30,Miscellaneous,Sugar,per kg,114,120
2025-05-02,Miscellaneous,Sugar,per kg,114,120
2025-05-03,Miscellaneous,Sugar,per kg,114,120
2025-05-04,Miscellaneous,Sugar,per kg,114,120
2025-05-05,Miscellaneous,Sugar,per kg,112,120
2025-05-06,Miscellaneous,Sugar,per kg,112,120
2025-05-07,Miscellaneous,Sugar,per kg,112,120
2025-05-08,Miscellaneous,Sugar,per kg,112,120
2025-05-09,Miscellaneous,Sugar,per kg,112,120
2025-05-10,Miscellaneous,Sugar,per kg,112,120
2025-05-12,Miscellaneous,Sugar,per kg,112,120
2025-05-13,Miscellaneous,Sugar,per kg,112,120
2025-05-14,Miscellaneous,Sugar,per kg,112,120
2025-05-15,Miscellaneous,Sugar,per kg,112,120
2025-05-16,Miscellaneous,Sugar,per kg,112,120
2025-05-17,Miscellaneous,Sugar,per kg,112,120
2025-05-18,Miscellaneous,Sugar,per kg,110,120
2025-05-19,Miscellaneous,Sugar,per kg,110,120
2025-05-20,Miscellaneous,Sugar,per kg,110,120
2025-05-21,Miscellaneous,Sugar,per kg,110,120
2025-05-22,Miscellaneous,Sugar,per kg,110,120
2025-05-23,Miscellaneous,Sugar,per kg,110,120
2025-05-24,Miscellaneous,Sugar,per kg,110,120
2025-05-25,Miscellaneous,Sugar,per kg,110,120
2025-05-26,Miscellaneous,Sugar,per kg,110,120
2025-05-27,Miscellaneous,Sugar,per kg,110,120
2025-05-28,Miscellaneous,Sugar,per kg,110,120
2025-05-29,Miscellaneous,Sugar,per kg,110,120
2025-05-30,Miscellaneous,Sugar,per kg,110,120
2025-05-31,Miscellaneous,Sugar,per kg,110,120
2025-06-01,Miscellaneous,Sugar,per kg,110,120
2025-06-02,Miscellaneous,Sugar,per kg,110,120
2025-06-03,Miscellaneous,Sugar,per kg,110,120
2025-06-04,Miscellaneous,Sugar,per kg,110,120
2025-06-13,Miscellaneous,Sugar,per kg,110,120
2025-06-14,Miscellaneous,Sugar,per kg,110,120
2025-06-15,Miscellaneous,Sugar,per kg,110,120
2025-06-16,Miscellaneous,Sugar,per kg,110,120
2025-06-17,Miscellaneous,Sugar,per kg,110,120
2025-06-18,Miscellaneous,Sugar,per kg,110,120
2025-06-19,Miscellaneous,Sugar,per kg,110,120
2025-06-20,Miscellaneous,Sugar,per kg,110,120
2025-06-21,Miscellaneous,Sugar,per kg,110,120
2025-06-22,Miscellaneous,Sugar,per kg,110,120
2025-06-23,Miscellaneous,Sugar,per kg,110,120
2025-06-24,Miscellaneous,Sugar,per kg,110,120
2025-06-25,Miscellaneous,Sugar,per kg,110,120
2025-06-26,Miscellaneous,Sugar,per kg,110,120
2025-06-27,Miscellaneous,Sugar,per kg,110,120
2025-06-28,Miscellaneous,Sugar,per kg,110,120
2025-06-29,Miscellaneous,Sugar,per kg,110,120
2025-06-30,Miscellaneous,Sugar,per kg,110,120
2025-07-01,Miscellaneous,Sugar,per kg,110,120
2025-07-02,Miscellaneous,Sugar,per kg,110,120
2025-07-03,Miscellaneous,Sugar,per kg,110,120
2025-07-04,Miscellaneous,Sugar,per kg,110,120
2025-07-05,Miscellaneous,Sugar,per kg,110,120
2025-07-07,Miscellaneous,Sugar,per kg,110,120
2025-07-08,Miscellaneous,Sugar,per kg,110,120
2025-07-09,Miscellaneous,Sugar,per kg,110,120
2025-07-10,Miscellaneous,Sugar,per kg,110,120
2025-07-11,Miscellaneous,Sugar,per kg,110,120
2025-07-12,Miscellaneous,Sugar,per kg,110,120
2025-07-13,Miscellaneous,Sugar,per kg,110,115
2025-07-14,Miscellaneous,Sugar,per kg,110,115
2025-07-15,Miscellaneous,Sugar,per kg,110,115
2025-07-16,Miscellaneous,Sugar,per kg,106,115
2025-07-17,Miscellaneous,Sugar,per kg,106,115
2025-07-18,Miscellaneous,Sugar,per kg,106,115
2025-07-19,Miscellaneous,Sugar,per kg,106,115
2025-07-20,Miscellaneous,Sugar,per kg,106,115
2025-07-21,Miscellaneous,Sugar,per kg,105,115
2025-07-22,Miscellaneous,Sugar,per kg,105,115
2025-07-23,Miscellaneous,Sugar,per kg,105,115
2025-07-24,Miscellaneous,Sugar,per kg,105,115
2025-07-25,Miscellaneous,Sugar,per kg,105,115
